name,start_date_local,distance,moving_time,elapsed_time,total_elevation_gain,average_speed,max_speed,average_heartrate,max_heartrate,pr_count,distance_km,pace_min_km
Carrera a la hora del almuerzo,2025-12-07 11:43:27+00:00,3512.7,1482,1485,34.6,2.37,3.447,163.6,180.0,0,3.5126999999999997,7.0323628691983116
Carrera de noche,2025-12-04 18:29:57+00:00,4015.0,1774,1774,37.8,2.263,3.08,161.5,175.0,0,4.015,7.364869642068051
Carrera de tarde,2025-11-27 17:20:38+00:00,4014.8,1901,1906,31.8,2.112,3.187,162.0,177.0,0,4.0148,7.8914299242424235
Carrera de mañana,2025-11-23 10:56:16+00:00,3712.3,1679,1682,33.0,2.211,3.0,161.7,171.0,0,3.7123000000000004,7.538082315694256
Carrera de noche,2025-11-20 18:23:43+00:00,3252.5,1497,1502,30.4,2.173,3.18,157.1,166.0,0,3.2525,7.669903359410952
Carrera de noche,2025-11-13 18:53:41+00:00,2717.2,1252,1261,29.2,2.17,2.98,156.8,166.0,0,2.7171999999999996,7.680506912442396
Carrera a la hora del almuerzo,2025-11-08 12:56:46+00:00,1848.2,834,839,21.6,2.216,2.98,153.6,167.0,0,1.8482,7.521074007220215
Carrera de noche,2025-11-06 18:20:48+00:00,2049.4,899,907,24.4,2.28,3.06,159.4,172.0,0,2.0494,7.309956140350877
Carrera a la hora del almuerzo,2025-07-27 11:26:30+00:00,1609.6,676,684,21.8,2.381,3.16,154.9,168.0,0,1.6096,6.99987400251995
Carrera a la hora del almuerzo,2025-07-20 11:14:58+00:00,2016.6,906,911,17.4,2.226,2.94,160.3,175.0,0,2.0166,7.48728661275831
Carrera a la hora del almuerzo,2025-07-14 12:12:56+00:00,1816.8,721,730,22.4,2.52,3.4,166.2,177.0,0,1.8168,6.613769841269841
Carrera a la hora del almuerzo,2025-06-14 12:51:17+00:00,1353.4,597,601,12.0,2.267,3.16,156.8,171.0,0,1.3534000000000002,7.351874724305249
Carrera nocturna,2025-03-06 21:21:49+00:00,3205.7,1405,1413,67.2,2.282,3.24,159.1,178.0,0,3.2056999999999998,7.303549517966696
Carrera de noche tortuga 2,2025-02-02 19:30:21+00:00,3988.9,1798,1803,36.8,2.219,3.033,158.5,169.0,0,3.9889,7.510905813429472
Carrera de noche,2025-01-27 19:30:32+00:00,4017.9,1597,1602,45.4,2.516,3.56,162.5,177.0,0,4.0179,6.624284578696343
Carrera de noche,2025-01-19 19:41:39+00:00,3509.4,1398,1398,37.0,2.51,3.3,145.2,178.0,1,3.5094000000000003,6.640119521912351
Probando la máquina,2024-12-14 19:21:07+00:00,3239.6,1419,1422,38.6,2.283,3.28,156.0,168.0,0,3.2396,7.300350416119141
Probando lesión,2024-10-25 18:19:11+00:00,2620.5,1198,1202,39.4,2.187,3.1,145.1,160.0,0,2.6205,7.620804755372657
Long run,2024-09-18 19:22:51+00:00,10008.1,4109,4145,78.9,2.436,6.222,,,0,10.0081,6.8418308702791455
Carrera en cinta post gym suave,2024-09-09 17:24:00+00:00,2162.4,903,903,0.0,2.395,2.992,165.5,174.0,0,2.1624,6.958956158663883
4x500 Post-padel,2024-09-04 21:04:36+00:00,3627.0,1475,1507,27.4,2.459,4.946,158.9,186.0,0,3.627,6.777836518910125
Carrera de noche,2024-09-01 20:53:48+00:00,3402.0,1319,1374,35.6,2.579,6.482,167.2,178.0,1,3.402,6.462466072120976
Carrera de mañana,2024-08-03 10:33:06+00:00,2562.7,1140,1140,0.0,2.248,3.002,159.5,167.0,0,2.5627,7.414012455516013
Carrera de noche,2024-07-08 20:45:04+00:00,7003.8,2789,2806,83.4,2.511,3.653,167.7,181.0,2,7.0038,6.637475109518119
Trote post gym+nadar,2024-07-01 17:52:58+00:00,3507.7,1450,1455,36.0,2.419,3.246,164.0,176.0,0,3.5077,6.8899131872674655
Carrera de noche,2024-06-24 19:22:37+00:00,3351.7,1381,1412,43.4,2.427,3.643,155.6,170.0,0,3.3516999999999997,6.86720230737536
Carrera de noche,2024-06-03 20:17:44+00:00,3017.3,1102,1112,27.6,2.738,3.48,158.6,173.0,3,3.0173,6.08718042366691
Trote con Zuki,2024-05-21 19:47:58+00:00,3016.2,1313,1406,46.0,2.297,4.064,139.9,159.0,2,3.0162,7.255855463648236
Carrera nocturna,2024-05-13 20:39:04+00:00,5301.8,2222,2280,67.0,2.386,5.068,,,0,5.3018,6.98520536462699
Carrera de tarde,2024-05-06 17:34:39+00:00,4499.2,1796,1814,50.8,2.505,4.588,156.7,177.0,1,4.4992,6.6533732534930135
Carrera de tarde,2024-04-29 17:27:26+00:00,3408.9,1519,1525,62.2,2.244,3.125,159.9,172.0,0,3.4089,7.427228163992869
Carrera de noche,2024-04-23 18:50:04+00:00,4019.5,1569,1580,37.6,2.562,3.569,161.0,174.0,3,4.0195,6.505347384855582
Carrera de noche,2024-04-19 19:52:06+00:00,1931.1,1083,1165,15.4,1.783,3.451,130.8,145.0,0,1.9310999999999998,9.347560291643298
Carrera de noche,2024-04-14 19:40:14+00:00,2988.9,1272,1276,19.4,2.35,3.45,152.9,171.0,0,2.9889,7.092212765957446
Carrera de noche,2024-04-08 20:44:29+00:00,4564.6,1693,1832,36.6,2.696,5.606,158.6,179.0,0,4.5646,6.1820103857566755
Carrera de noche,2024-04-04 19:56:43+00:00,3448.5,1592,1645,34.2,2.166,4.012,152.3,162.0,0,3.4485,7.694690674053555
Carrera de noche,2024-04-01 18:44:06+00:00,4280.8,1799,1837,36.6,2.38,4.912,158.5,176.0,4,4.2808,7.00281512605042
Carrera de noche,2024-03-25 18:39:54+00:00,5393.7,2401,2401,72.4,2.246,3.198,160.8,176.0,0,5.3937,7.420614425645591
Carrera de noche,2024-03-18 18:40:07+00:00,4014.5,1529,1529,27.7,2.626,3.499,164.1,180.0,13,4.0145,6.346801218583397
Carrera de noche,2024-03-11 18:48:40+00:00,3225.8,1189,1200,27.3,2.713,4.152,157.6,177.0,8,3.2258,6.143273129377072
Carrera de noche,2024-03-07 20:05:11+00:00,2551.5,1204,1223,51.8,2.119,6.604,152.3,176.0,0,2.5515,7.865361019348748
Carrera de noche,2024-03-04 19:11:55+00:00,4528.1,1930,1930,48.1,2.346,3.299,163.3,177.0,0,4.5281,7.104305200341005
Carrera de noche,2024-02-29 18:42:20+00:00,3109.8,1189,1200,35.5,2.615,4.078,164.5,186.0,2,3.1098000000000003,6.373499043977055
Carrera de noche,2024-02-26 18:56:59+00:00,4014.6,1622,1632,31.3,2.475,3.384,154.6,172.0,1,4.0146,6.734020202020202
Carrera de tarde,2024-02-12 17:57:07+00:00,4024.9,1576,1601,43.4,2.554,6.353,165.5,188.0,5,4.0249,6.525724353954581
Carrera de noche,2024-01-25 18:47:58+00:00,4019.9,1716,1716,40.3,2.343,3.13,152.0,162.0,0,4.0199,7.113401621852326
Carrera de noche,2024-01-23 18:34:17+00:00,3402.0,1383,1386,29.5,2.46,3.424,162.2,175.0,1,3.402,6.7750813008130075
Carrera de noche,2024-01-16 18:52:56+00:00,3252.8,1535,1588,62.5,2.119,6.906,167.2,188.0,0,3.2528,7.865361019348748
Carrera con gemelo travieso,2023-12-24 11:35:06+00:00,1769.3,693,723,0.0,2.553,3.774,150.0,164.0,0,1.7692999999999999,6.528280454367411
Carrera de tarde,2023-12-18 17:36:51+00:00,4376.5,1707,1717,36.1,2.564,3.549,167.5,181.0,0,4.3765,6.500273010920436
Carrera de noche,2023-12-11 18:29:30+00:00,3458.6,1642,2135,64.0,2.106,5.94,153.8,178.0,0,3.4586,7.913912630579297
Carrera de noche,2023-12-04 18:42:35+00:00,3112.9,1239,1252,36.8,2.512,3.462,144.8,178.0,0,3.1129000000000002,6.63483280254777
Carrera de noche,2022-11-09 20:32:57+00:00,1470.6,546,889,22.9,2.693,4.381,145.5,167.0,0,1.4706,6.188897140735239
Carrera de noche,2022-01-28 18:03:25+00:00,2949.6,1148,1203,16.5,2.569,5.119,165.7,191.0,0,2.9495999999999998,6.487621642662514
Carrera de tarde,2022-01-21 17:56:47+00:00,3830.0,1483,1522,30.8,2.583,3.859,169.3,178.0,0,3.83,6.452458381726673
Carrera de tarde,2021-11-19 17:38:39+00:00,2613.5,1018,1041,34.4,2.567,4.649,156.5,171.0,1,2.6135,6.492676275808336
Carrera de noche,2021-10-25 18:43:10+00:00,1647.1,605,605,20.1,2.722,4.136,159.0,171.0,0,1.6471,6.122961058045554
Carrera de noche,2021-10-15 18:07:40+00:00,2563.0,899,899,17.2,2.851,4.4,150.7,173.0,4,2.563,5.845913714486144
Carrera de noche,2021-09-19 19:43:05+00:00,4095.1,1542,1551,31.7,2.656,4.2,157.4,175.0,4,4.0950999999999995,6.275112951807228
Carrera de noche,2021-08-01 20:46:45+00:00,2828.8,1021,1026,15.5,2.771,5.2,163.7,181.0,2,2.8288,6.014687838325514
Carrera de noche,2021-07-06 19:14:35+00:00,3610.5,1417,1553,24.5,2.548,6.8,135.8,175.0,5,3.6105,6.541091051805337
Carrera de noche,2021-03-11 20:21:51+00:00,3244.6,1244,1253,26.9,2.608,4.7,147.9,148.0,0,3.2445999999999997,6.390605828220858
